antecedents,consequents,antecedent support,consequent support,support,confidence,lift,representativity,leverage,conviction,zhangs_metric,jaccard,certainty,kulczynski,antecedent_len,consequent_len
frozenset({'docker'}),frozenset({'kubernetes'}),0.04876893939393939,0.061553030303030304,0.03361742424242424,0.6893203883495146,11.19880507841673,1.0,0.03061554823806244,3.0206261837121215,0.9573959436058862,0.43827160493827155,0.6689428154360115,0.6177371172516803,1,1
frozenset({'kubernetes'}),frozenset({'docker'}),0.061553030303030304,0.04876893939393939,0.03361742424242424,0.5461538461538461,11.198805078416727,1.0,0.03061554823806244,2.095932845403184,0.9704381688719603,0.43827160493827155,0.5228854768924455,0.6177371172516803,1,1
frozenset({'css'}),frozenset({'javascript'}),0.026041666666666668,0.09043560606060606,0.023674242424242424,0.9090909090909091,10.052356020942408,1.0,0.02131914851641414,10.00520833333333,0.9245989304812834,0.25510204081632654,0.9000520562207184,0.5854355069014755,1,1
frozenset({'ai'}),frozenset({'machine learning'}),0.04876893939393939,0.10085227272727272,0.043087121212121215,0.883495145631068,8.760289894708055,1.0,0.038168662835743807,7.717684659090913,0.9312653498815769,0.40444444444444455,0.8704274605438734,0.6553625962897125,1,1
frozenset({'r'}),frozenset({'data science'}),0.057291666666666664,0.06912878787878787,0.029356060606060608,0.5123966942148761,7.4122042341220435,1.0,0.025395557133838384,1.9090748587570625,0.9176617358759579,0.30243902439024395,0.4761860723203552,0.4685271142307258,1,1
frozenset({'cisco'}),frozenset({'network engineering'}),0.036458333333333336,0.09848484848484848,0.026041666666666668,0.7142857142857143,7.252747252747254,1.0,0.022451073232323232,3.1553030303030303,0.8947420147420148,0.2391304347826087,0.6830732292917167,0.48935439560439564,1,1
frozenset({'vulnerability management'}),frozenset({'cybersecurity'}),0.03314393939393939,0.109375,0.026041666666666668,0.7857142857142858,7.183673469387756,1.0,0.022416548295454548,4.156250000000002,0.8903036238981391,0.22357723577235775,0.7593984962406016,0.511904761904762,1,1
frozenset({'r'}),frozenset({'tableau'}),0.057291666666666664,0.07670454545454546,0.030776515151515152,0.5371900826446281,7.0033670033670035,1.0,0.026381983901515152,1.9949776785714286,0.909307267318317,0.2981651376146789,0.4987412587412587,0.46921232527293133,1,1
frozenset({'data science'}),frozenset({'machine learning'}),0.06912878787878787,0.10085227272727272,0.04261363636363636,0.6164383561643836,6.112290179432762,1.0,0.03564184099517906,2.344206574675325,0.8985079688029839,0.33457249070631967,0.5734164340280032,0.5194867837159947,1,1
frozenset({'data mining'}),frozenset({'data visualization'}),0.05587121212121212,0.11837121212121213,0.038825757575757576,0.6949152542372882,5.8706440677966105,1.0,0.03221221447428834,2.8897832491582496,0.8787582258972039,0.28671328671328666,0.6539532851499208,0.5114576271186441,1,1
frozenset({'vulnerability management'}),frozenset({'security'}),0.03314393939393939,0.13257575757575757,0.02462121212121212,0.7428571428571429,5.6032653061224496,1.0,0.02022712924701561,3.3733164983164987,0.8496948692835079,0.174496644295302,0.7035558328134748,0.4642857142857143,1,1
frozenset({'network security'}),frozenset({'network engineering'}),0.046875,0.09848484848484848,0.025094696969696968,0.5353535353535354,5.435897435897436,1.0,0.020478219696969696,1.940217391304348,0.8561707392514692,0.20866141732283464,0.484593837535014,0.3950806138306138,1,1
frozenset({'tableau'}),frozenset({'data visualization'}),0.07670454545454546,0.11837121212121213,0.04924242424242424,0.6419753086419753,5.423407407407407,1.0,0.040162814221763085,2.4624804075235107,0.8833727810650888,0.33766233766233766,0.5939053984166766,0.5289876543209876,1,1
frozenset({'statistics'}),frozenset({'machine learning'}),0.04876893939393939,0.10085227272727272,0.026515151515151516,0.5436893203883495,5.390947627512649,1.0,0.021596693138774107,1.9704726789168279,0.8562628884306337,0.21538461538461542,0.49250755379683736,0.4033000592552076,1,1
frozenset({'r'}),frozenset({'data visualization'}),0.057291666666666664,0.11837121212121213,0.034564393939393936,0.6033057851239669,5.096727272727272,1.0,0.02778270991161616,2.222439236111111,0.8526451222281087,0.24496644295302009,0.5500439410213847,0.4476528925619835,1,1
frozenset({'windows'}),frozenset({'linux'}),0.059185606060606064,0.12878787878787878,0.036458333333333336,0.616,4.783058823529412,1.0,0.028835944674012858,2.2687815656565657,0.8406852332368185,0.240625,0.5592347826086956,0.4495441176470588,1,1
frozenset({'power bi'}),frozenset({'data visualization'}),0.07670454545454546,0.11837121212121213,0.043087121212121215,0.5617283950617284,4.745481481481482,1.0,0.03400751119146006,2.0116037131882205,0.8548436179205411,0.28348909657320875,0.502884194613518,0.4628641975308642,1,1
frozenset({'statistics'}),frozenset({'data visualization'}),0.04876893939393939,0.11837121212121213,0.02462121212121212,0.5048543689320388,4.265009708737864,1.0,0.018848373651285583,1.780544414735591,0.8047823256882491,0.17275747508305647,0.4383740210442889,0.3564271844660194,1,1
frozenset({'r'}),frozenset({'python'}),0.057291666666666664,0.23579545454545456,0.05397727272727273,0.9421487603305786,3.9956188389923333,1.0,0.04046815814393939,13.209821428571447,0.7952893282931084,0.22574257425742575,0.9242987495775601,0.5855322114905905,1,1
frozenset({'spark'}),frozenset({'python'}),0.02793560606060606,0.23579545454545456,0.023674242424242424,0.847457627118644,3.594037165611599,1.0,0.01708715349517906,5.009785353535352,0.742503653190453,0.09861932938856016,0.8003906496125007,0.47392961677217343,1,1
frozenset({'data mining'}),frozenset({'business unit'}),0.05587121212121212,0.17897727272727273,0.034564393939393936,0.6186440677966101,3.45655098197471,1.0,0.024564716769972447,2.15290404040404,0.7527514048996304,0.1725768321513002,0.5355111137176705,0.40588288045915155,1,1
frozenset({'r'}),frozenset({'sql'}),0.057291666666666664,0.23768939393939395,0.046875,0.8181818181818182,3.442231075697211,1.0,0.033257378472222224,4.192708333333335,0.752608962553714,0.18893129770992367,0.7614906832298137,0.5076964867801521,1,1
frozenset({'tableau'}),frozenset({'sql'}),0.07670454545454546,0.23768939393939395,0.05965909090909091,0.7777777777777778,3.2722443559096943,1.0,0.041427233987603305,3.4303977272727275,0.752087912087912,0.23420074349442377,0.7084886128364389,0.5143868968570164,1,1
frozenset({'data mining'}),frozenset({'sql'}),0.05587121212121212,0.23768939393939395,0.04261363636363636,0.7627118644067796,3.2088594773448578,1.0,0.02933364181588613,3.212594696969697,0.7290984063301014,0.16981132075471694,0.6887251289609432,0.470997366466338,1,1
frozenset({'tableau'}),frozenset({'business unit'}),0.07670454545454546,0.17897727272727273,0.043560606060606064,0.5679012345679013,3.173035469331766,1.0,0.029832235709366394,1.9000811688311692,0.7417391304347826,0.2053571428571429,0.4737066940065788,0.40564373897707234,1,1
frozenset({'data science'}),frozenset({'python'}),0.06912878787878787,0.23579545454545456,0.05160984848484849,0.7465753424657535,3.166199042746328,1.0,0.03530959452479339,3.015509828009829,0.7349715810988641,0.20373831775700937,0.6683811172786068,0.48272542223689285,1,1
frozenset({'data warehouse'}),frozenset({'sql'}),0.039299242424242424,0.23768939393939395,0.029356060606060608,0.746987951807229,3.142706283300533,1.0,0.02001504749196511,3.01294191919192,0.7096933178587896,0.118546845124283,0.668098480880042,0.43524696395142326,1,1
frozenset({'critical thinking'}),frozenset({'problem solving'}),0.032196969696969696,0.26515151515151514,0.026515151515151516,0.823529411764706,3.105882352941177,1.0,0.01797807621671258,4.164141414141416,0.700587084148728,0.09790209790209789,0.7598544572468163,0.46176470588235297,1,1
frozenset({'data visualization'}),frozenset({'data analysis'}),0.11837121212121213,0.2902462121212121,0.09990530303030302,0.8439999999999999,2.9078760195758564,1.0,0.0655485070879247,4.549703768453764,0.7441980034717803,0.3236196319018405,0.7802054703135421,0.5941044045676998,1,1
frozenset({'statistics'}),frozenset({'python'}),0.04876893939393939,0.23579545454545456,0.03314393939393939,0.6796116504854369,2.882208445432214,1.0,0.02164444516184573,2.3852444903581267,0.6865249235582735,0.1318267419962335,0.5807557656909806,0.4100869497407104,1,1
frozenset({'machine learning'}),frozenset({'python'}),0.10085227272727272,0.23579545454545456,0.06818181818181818,0.676056338028169,2.8671304938062105,1.0,0.044401310692148754,2.3590662055335967,0.7242627698788836,0.2539682539682539,0.576103460914184,0.48260648226709657,1,1
frozenset({'data mining'}),frozenset({'data analysis'}),0.05587121212121212,0.2902462121212121,0.04640151515151515,0.8305084745762712,2.8613929825531565,1.0,0.03018510746671258,4.187547348484848,0.6890160276748613,0.15481832543443919,0.7611967300234055,0.4951889844333232,1,1
frozenset({'tableau'}),frozenset({'data analysis'}),0.07670454545454546,0.2902462121212121,0.06297348484848485,0.8209876543209876,2.8285904174974323,1.0,0.04071028107782369,3.9648315047021936,0.7001735106998265,0.20716510903426794,0.747782472265461,0.5189766982861056,1,1
frozenset({'ai'}),frozenset({'python'}),0.04876893939393939,0.23579545454545456,0.032196969696969696,0.6601941747572816,2.7998596327055796,1.0,0.020697475464876033,2.2489448051948053,0.6757971481275438,0.12757973733583491,0.5553470242177068,0.3983701797481187,1,1
frozenset({'power bi'}),frozenset({'sql'}),0.07670454545454546,0.23768939393939395,0.050189393939393936,0.6543209876543209,2.7528404898922822,1.0,0.03195753701790633,2.205255681818181,0.6896371552975326,0.18996415770609318,0.546537842190016,0.4327381830701883,1,1
frozenset({'data mining'}),frozenset({'python'}),0.05587121212121212,0.23579545454545456,0.03551136363636364,0.6355932203389831,2.6955278742086994,1.0,0.022337185778236915,2.097119450317125,0.6662387161484453,0.13863216266173753,0.5231554407409742,0.39309781498876867,1,1
frozenset({'power bi'}),frozenset({'data analysis'}),0.07670454545454546,0.2902462121212121,0.05965909090909091,0.7777777777777778,2.6797172376291467,1.0,0.037395887138429756,3.1938920454545454,0.678901098901099,0.19414483821263487,0.6869023793640205,0.49166213521841584,1,1
frozenset({'data collection'}),frozenset({'data analysis'}),0.03551136363636364,0.2902462121212121,0.027462121212121212,0.7733333333333333,2.664404567699837,1.0,0.017155082429407713,3.131266711229946,0.6476816819866944,0.09206349206349207,0.6806404269513009,0.43397498640565524,1,1
frozenset({'statistics'}),frozenset({'sql'}),0.04876893939393939,0.23768939393939395,0.030776515151515152,0.6310679611650486,2.6550110238657023,1.0,0.019184655503902664,2.066262958532696,0.6553126316192519,0.12037037037037035,0.5160344931556414,0.380275016439098,1,1
frozenset({'attention to detail'}),frozenset({'problem solving'}),0.09185606060606061,0.26515151515151514,0.06392045454545454,0.6958762886597938,2.6244477172312224,1.0,0.039564680899908174,2.41628145865434,0.6815741706252655,0.21809369951534732,0.5861409288978637,0.4684738586156112,1,1
frozenset({'data modeling'}),frozenset({'sql'}),0.06628787878787878,0.23768939393939395,0.041193181818181816,0.6214285714285714,2.6144564598747864,1.0,0.0254372560835629,2.013650657518582,0.6613508661490757,0.15675675675675677,0.5033895297249334,0.39736767216846897,1,1
frozenset({'r'}),frozenset({'data analysis'}),0.057291666666666664,0.2902462121212121,0.043087121212121215,0.7520661157024794,2.5911315438232245,1.0,0.026458431976010107,2.8626736111111115,0.6513872867464029,0.14152410575427685,0.6506762083813453,0.4502581802003425,1,1
frozenset({'data visualization'}),frozenset({'sql'}),0.11837121212121213,0.23768939393939395,0.07149621212121213,0.604,2.5411314741035853,1.0,0.043360630452249777,1.9250267829813283,0.6879023481124762,0.25124792013311154,0.4805267080745341,0.452398406374502,1,1
frozenset({'data engineering'}),frozenset({'python'}),0.041193181818181816,0.23579545454545456,0.02462121212121212,0.5977011494252874,2.5348289710566405,1.0,0.014908047090220384,1.899594155844156,0.6315099715099715,0.09756097560975609,0.4735717643037218,0.35105941005400915,1,1
frozenset({'data warehouse'}),frozenset({'data analysis'}),0.039299242424242424,0.2902462121212121,0.028882575757575756,0.7349397590361445,2.5321252383105013,1.0,0.01747611950470615,2.6777074724517895,0.6298265316840242,0.09606299212598425,0.6265462115305785,0.4172251813125258,1,1
frozenset({'database'}),frozenset({'sql'}),0.0625,0.23768939393939395,0.036931818181818184,0.5909090909090909,2.4860557768924303,1.0,0.022076231060606064,1.863425925925926,0.6376068376068377,0.14028776978417268,0.4633540372670808,0.3731437884824339,1,1
frozenset({'data science'}),frozenset({'sql'}),0.06912878787878787,0.23768939393939395,0.04071969696969697,0.589041095890411,2.478196801833761,1.0,0.024288517275022955,1.8549558080808082,0.6407769287184462,0.15302491103202845,0.46090359908108575,0.38017791846313376,1,1
frozenset({'database'}),frozenset({'python'}),0.0625,0.23579545454545456,0.036458333333333336,0.5833333333333334,2.4738955823293174,1.0,0.021721117424242424,1.8340909090909092,0.6354978354978355,0.1392405063291139,0.4547707558859975,0.36897590361445787,1,1
frozenset({'analysis'}),frozenset({'problem solving'}),0.036458333333333336,0.26515151515151514,0.023674242424242424,0.6493506493506493,2.4489795918367347,1.0,0.0140072601010101,2.095679012345679,0.614054054054054,0.08517887563884158,0.5228276877761414,0.3693181818181818,1,1
frozenset({'tableau'}),frozenset({'python'}),0.07670454545454546,0.23579545454545456,0.04403409090909091,0.5740740740740741,2.43462739848282,1.0,0.025947507747933887,1.7942193675889326,0.6382133995037221,0.16402116402116404,0.44265455046124186,0.38041053101294064,1,1
frozenset({'c++'}),frozenset({'python'}),0.08380681818181818,0.23579545454545456,0.04734848484848485,0.5649717514124294,2.396024777074399,1.0,0.027587218061294765,1.7566779811097992,0.635937984496124,0.1739130434782609,0.43074370445046517,0.3828874821319175,1,1
frozenset({'microsoft sql server'}),frozenset({'sql'}),0.06912878787878787,0.23768939393939395,0.038825757575757576,0.5616438356164384,2.3629318343066092,1.0,0.022394577881083563,1.7390210700757578,0.6196312929558594,0.14487632508833923,0.42496383901982476,0.36249522458112754,1,1
frozenset({'data science'}),frozenset({'data analysis'}),0.06912878787878787,0.2902462121212121,0.04734848484848485,0.6849315068493151,2.35982926992782,1.0,0.027284116018135907,2.252696805006588,0.6190335707019329,0.15174506828528073,0.5560876200572072,0.4240318219401551,1,1
frozenset({'statistics'}),frozenset({'data analysis'}),0.04876893939393939,0.2902462121212121,0.03314393939393939,0.6796116504854369,2.3415004988992543,1.0,0.018988939465679523,2.2152921258034897,0.6022968072246321,0.10835913312693499,0.5485922653937577,0.39690207320356674,1,1
frozenset({'aws'}),frozenset({'python'}),0.0946969696969697,0.23579545454545456,0.052083333333333336,0.55,2.3325301204819278,1.0,0.02975421831955923,1.6982323232323233,0.6310384176492962,0.18707482993197277,0.4111524163568773,0.3854417670682731,1,1
frozenset({'analytics'}),frozenset({'data analysis'}),0.035037878787878785,0.2902462121212121,0.023674242424242424,0.6756756756756758,2.3279396851990657,1.0,0.01350463082529844,2.188407512626263,0.5911481844946026,0.0784929356357928,0.5430467158285706,0.37862087209558665,1,1
frozenset({'docker'}),frozenset({'python'}),0.04876893939393939,0.23579545454545456,0.026515151515151516,0.5436893203883495,2.305766756345771,1.0,0.015015657283057851,1.6747461315280463,0.5953388323970703,0.10275229357798166,0.4028945753780632,0.3280695597925683,1,1
frozenset({'java'}),frozenset({'python'}),0.11600378787878787,0.23579545454545456,0.0625,0.5387755102040817,2.2849274649618883,1.0,0.03514683410812672,1.6569036604987932,0.6361445196474654,0.2160392798690671,0.3964646081480919,0.4019178755839685,1,1
frozenset({'time management'}),frozenset({'problem solving'}),0.06297348484848485,0.26515151515151514,0.03787878787878788,0.6015037593984962,2.268528464017186,1.0,0.021181272956841142,1.844053744997141,0.5967660434562911,0.1305057096247961,0.4577164560886753,0.37218045112781956,1,1
frozenset({'teamwork'}),frozenset({'problem solving'}),0.16240530303030304,0.26515151515151514,0.09706439393939394,0.597667638483965,2.254060807996668,1.0,0.05400238177226813,1.8264712340799296,0.6642308593803857,0.2936962750716332,0.45249616783384927,0.4818695335276968,1,1
frozenset({'data management'}),frozenset({'data analysis'}),0.058712121212121215,0.2902462121212121,0.03835227272727273,0.6532258064516129,2.2505920117876124,1.0,0.02131130193985308,2.0467318534178998,0.5903321161537124,0.12347560975609756,0.511416212959177,0.3926814187233595,1,1
frozenset({'kubernetes'}),frozenset({'python'}),0.061553030303030304,0.23579545454545456,0.032196969696969696,0.5230769230769231,2.2183503243744207,1.0,0.017683044938016527,1.6023643695014662,0.5852377277853623,0.12142857142857143,0.37592221904489564,0.3298115539079395,1,1
frozenset({'adaptability'}),frozenset({'problem solving'}),0.041193181818181816,0.26515151515151514,0.024147727272727272,0.5862068965517242,2.2108374384236456,1.0,0.013225292699724518,1.7758838383838387,0.5712127814088598,0.08557046979865772,0.4369001066477072,0.3386391625615764,1,1
frozenset({'analytical thinking'}),frozenset({'problem solving'}),0.13636363636363635,0.26515151515151514,0.07954545454545454,0.5833333333333334,2.2,1.0,0.04338842975206612,1.763636363636364,0.6315789473684211,0.24705882352941178,0.43298969072164956,0.44166666666666665,1,1
frozenset({'ai'}),frozenset({'sql'}),0.04876893939393939,0.23768939393939395,0.025094696969696968,0.5145631067961165,2.1648551425366493,1.0,0.013502837322084479,1.5703598484848484,0.5656620678644214,0.09601449275362317,0.3632032804679491,0.3100703980195722,1,1
frozenset({'data modeling'}),frozenset({'data analysis'}),0.06628787878787878,0.2902462121212121,0.041193181818181816,0.6214285714285714,2.141039384758798,1.0,0.021953376090449953,1.8748213264722697,0.5707724231190693,0.13063063063063063,0.4666158391308492,0.3816767653227686,1,1
frozenset({'microsoft excel'}),frozenset({'data analysis'}),0.07623106060606061,0.2902462121212121,0.04734848484848485,0.6211180124223602,2.139969400058768,1.0,0.025222708261593205,1.8732845876800792,0.5766632496155818,0.1483679525222552,0.466178280344246,0.3921250747266777,1,1
frozenset({'excel'}),frozenset({'data analysis'}),0.048295454545454544,0.2902462121212121,0.029356060606060608,0.607843137254902,2.094232799155552,1.0,0.01533848786157025,1.8098721590909093,0.5490129995185364,0.09494640122511487,0.4474747871129774,0.35449253110705947,1,1
frozenset({'reporting'}),frozenset({'data analysis'}),0.10416666666666667,0.2902462121212121,0.06297348484848485,0.6045454545454545,2.0828711256117454,1.0,0.03273950441919192,1.7947796934865898,0.5803462143731422,0.19,0.4428285523682455,0.410755598398339,1,1
frozenset({'customer service'}),frozenset({'problem solving'}),0.045454545454545456,0.26515151515151514,0.025094696969696968,0.5520833333333333,2.082142857142857,1.0,0.013042355371900825,1.6405919661733612,0.5444743935309972,0.08789386401326699,0.3904639175257731,0.3233630952380952,1,1
frozenset({'ai'}),frozenset({'data analysis'}),0.04876893939393939,0.2902462121212121,0.029356060606060608,0.6019417475728156,2.0739004418821967,1.0,0.015201060677800738,1.7830400036954916,0.5443648741951542,0.09480122324159022,0.43916008730739603,0.3515418362660163,1,1
frozenset({'time management'}),frozenset({'communication'}),0.06297348484848485,0.4247159090909091,0.05397727272727273,0.8571428571428572,2.018155757286192,1.0,0.027231431861225893,4.026988636363638,0.5384032339565437,0.1244541484716157,0.7516754850088185,0.49211657907310086,1,1
frozenset({'multitasking'}),frozenset({'communication'}),0.038825757575757576,0.4247159090909091,0.032670454545454544,0.8414634146341463,1.9812382739212007,1.0,0.016180537620523412,3.6287150349650337,0.515270935960591,0.07582417582417582,0.7244203553146643,0.4591932457786116,1,1
frozenset({'attention to detail'}),frozenset({'communication'}),0.09185606060606061,0.4247159090909091,0.07670454545454546,0.8350515463917526,1.9661414336447953,1.0,0.03769181516873278,3.4876598011363638,0.5410921870775884,0.1743810548977395,0.7132747868143058,0.5078267765403579,1,1
frozenset({'interpersonal skills'}),frozenset({'problem solving'}),0.05634469696969697,0.26515151515151514,0.029356060606060608,0.5210084033613446,1.9649459783913568,1.0,0.014416178833792473,1.5341573631047316,0.5204020523444961,0.10048622366288494,0.34817638395564415,0.31586134453781517,1,1
frozenset({'leadership'}),frozenset({'problem solving'}),0.07433712121212122,0.26515151515151514,0.03787878787878788,0.5095541401273885,1.9217470427661512,1.0,0.018168187557392104,1.498327430145612,0.5181585677749361,0.12558869701726846,0.33258913914242566,0.3262056414922657,1,1
frozenset({'teamwork'}),frozenset({'communication'}),0.16240530303030304,0.4247159090909091,0.13115530303030304,0.8075801749271138,1.9014596760825688,1.0,0.06217918711260331,2.9897339876033064,0.5660115139802413,0.28764278296988577,0.6655220818486126,0.5581936549106026,1,1
frozenset({'organizational skills'}),frozenset({'communication'}),0.03835227272727273,0.4247159090909091,0.030776515151515152,0.8024691358024691,1.8894256575415995,1.0,0.014487694774449035,2.9123757102272725,0.48951255539143274,0.07119386637458927,0.6566377076665143,0.4374664519592056,1,1
frozenset({'customer service'}),frozenset({'communication'}),0.045454545454545456,0.4247159090909091,0.036458333333333336,0.8020833333333334,1.8885172798216276,1.0,0.01715306473829201,2.9066985645933014,0.4928880643166357,0.08406113537117903,0.6559670781893006,0.44396251393534003,1,1
frozenset({'critical thinking'}),frozenset({'communication'}),0.032196969696969696,0.4247159090909091,0.02556818181818182,0.7941176470588236,1.8697619516033839,1.0,0.011893616563360883,2.7942370129870135,0.4806479669493368,0.0592755214050494,0.6421205519244737,0.4271591579775723,1,1
frozenset({'business unit'}),frozenset({'data analysis'}),0.17897727272727273,0.2902462121212121,0.09659090909090909,0.5396825396825397,1.8593956342732851,1.0,0.044643433626033055,1.5418789184952977,0.5629452473030735,0.2592121982210927,0.3514406429683281,0.43623604961288487,1,1
frozenset({'interpersonal skills'}),frozenset({'communication'}),0.05634469696969697,0.4247159090909091,0.04403409090909091,0.7815126050420169,1.8400831904668222,1.0,0.02010360171315427,2.6330310314685326,0.4838062250133532,0.10075839653304443,0.6202095653076047,0.4425957674039516,1,1
frozenset({'adaptability'}),frozenset({'communication'}),0.041193181818181816,0.4247159090909091,0.03125,0.7586206896551725,1.7861838311613425,1.0,0.013754600335743803,2.3833198051948057,0.45905723905723905,0.0718954248366013,0.5804171988080036,0.4160996424864491,1,1
frozenset({'sql'}),frozenset({'data analysis'}),0.23768939393939395,0.2902462121212121,0.12310606060606061,0.5179282868525896,1.784444603315937,1.0,0.05411761435376493,1.4722991798146756,0.5766698518872432,0.30409356725146197,0.32079022136935914,0.47103592156658847,1,1
frozenset({'problem solving'}),frozenset({'communication'}),0.26515151515151514,0.4247159090909091,0.19839015151515152,0.7482142857142857,1.7616817964644051,1.0,0.0857760847107438,2.2848162475822047,0.5883670004674851,0.4036608863198458,0.5623280423280423,0.607663441630833,1,1
frozenset({'prioritization'}),frozenset({'communication'}),0.036931818181818184,0.4247159090909091,0.026515151515151516,0.717948717948718,1.6904210616585198,1.0,0.01082962078168044,2.039643595041322,0.42409397387273495,0.06093579978237214,0.5097182652738209,0.39018952062430323,1,1
frozenset({'analytical thinking'}),frozenset({'communication'}),0.13636363636363635,0.4247159090909091,0.09753787878787878,0.7152777777777778,1.684132292827945,1.0,0.03962207300275482,2.020509977827051,0.47036280020439447,0.21041879468845762,0.5050754458161866,0.4724660906726124,1,1
frozenset({'excel'}),frozenset({'communication'}),0.048295454545454544,0.4247159090909091,0.03409090909090909,0.7058823529411764,1.6620106236474521,1.0,0.013579061208677683,1.9559659090909083,0.41853233830845765,0.07766990291262135,0.4887436456063906,0.3930749557348022,1,1
frozenset({'leadership'}),frozenset({'communication'}),0.07433712121212122,0.4247159090909091,0.05160984848484849,0.6942675159235668,1.634663315084251,1.0,0.020037690470041322,1.8816583806818177,0.41943264741077924,0.11534391534391535,0.468553904222694,0.40789184045899635,1,1
frozenset({'analysis'}),frozenset({'communication'}),0.036458333333333336,0.4247159090909091,0.02462121212121212,0.6753246753246752,1.590062111801242,1.0,0.009136777935606058,1.7718749999999992,0.3851351351351351,0.05639913232104121,0.43562610229276877,0.36664784490871444,1,1
frozenset({'continuous improvement'}),frozenset({'communication'}),0.03977272727272727,0.4247159090909091,0.026515151515151516,0.6666666666666667,1.5696767001114829,1.0,0.009623041494490357,1.725852272727273,0.37795857988165676,0.06054054054054053,0.42057613168724295,0.3645484949832776,1,1
frozenset({'microsoft office'}),frozenset({'communication'}),0.08238636363636363,0.4247159090909091,0.054450757575757576,0.6609195402298851,1.5561450044208665,1.0,0.019459958247245182,1.6966005392912171,0.38947368421052636,0.12029288702928871,0.4105860649921953,0.39456233421750664,1,1
frozenset({'project management'}),frozenset({'communication'}),0.19318181818181818,0.4247159090909091,0.12736742424242425,0.6593137254901962,1.5523640894484885,1.0,0.04532003271349863,1.688603662524526,0.44101785433792345,0.2596525096525097,0.40779472282740276,0.4796011213850089,1,1
frozenset({'presentations'}),frozenset({'communication'}),0.059185606060606064,0.4247159090909091,0.038825757575757576,0.6559999999999999,1.5445618729096988,1.0,0.013688689092630851,1.672337473572938,0.37474683000478715,0.08723404255319148,0.40203456790123443,0.37370791527313263,1,1
frozenset({'collaboration'}),frozenset({'communication'}),0.13920454545454544,0.4247159090909091,0.09090909090909091,0.653061224489796,1.5376424817418606,1.0,0.03178670583677686,1.6581717914438503,0.4061984323432343,0.1921921921921922,0.39692617787855894,0.43355402361613543,1,1
frozenset({'stakeholder management'}),frozenset({'communication'}),0.046875,0.4247159090909091,0.029356060606060608,0.6262626262626263,1.474544778892605,1.0,0.009447502367424244,1.5392736486486487,0.33765203595980964,0.06638115631691649,0.3503429355281208,0.3476909563866086,1,1
frozenset({'reporting'}),frozenset({'communication'}),0.10416666666666667,0.4247159090909091,0.061553030303030304,0.5909090909090909,1.391304347826087,1.0,0.017311789772727272,1.40625,0.31395348837209297,0.1317122593718338,0.2888888888888889,0.3679183135704875,1,1
frozenset({'soft skills'}),frozenset({'communication'}),0.050662878787878785,0.4247159090909091,0.029829545454545456,0.588785046728972,1.3863032538367768,1.0,0.008312214832988982,1.3989863119834711,0.2935280845505285,0.06695005313496281,0.28519672320295386,0.3295095802206733,1,1
frozenset({'quality management'}),frozenset({'communication'}),0.045928030303030304,0.4247159090909091,0.026988636363636364,0.5876288659793815,1.3835810088611522,1.0,0.007482271220730027,1.3950639204545454,0.2905837795481258,0.06083244397011739,0.28318696703576435,0.32558700824052683,1,1
frozenset({'microsoft excel'}),frozenset({'communication'}),0.07623106060606061,0.4247159090909091,0.043560606060606064,0.5714285714285715,1.3454371715241282,1.0,0.011184061854338845,1.3423295454545454,0.2779343926191697,0.09523809523809525,0.25502645502645516,0.336996336996337,1,1
frozenset({'risk management'}),frozenset({'communication'}),0.05587121212121212,0.4247159090909091,0.03172348484848485,0.5677966101694916,1.336885664078,1.0,0.007994092200413222,1.3310494652406417,0.2669051931915148,0.07067510548523206,0.24871311989956063,0.32124501634450053,1,1
frozenset({'business unit'}),frozenset({'communication'}),0.17897727272727273,0.4247159090909091,0.10085227272727272,0.5634920634920634,1.3267505441418481,1.0,0.02483777763429751,1.3179235537190077,0.29996588527706014,0.20056497175141239,0.24123064863805585,0.4004751287359982,1,1
frozenset({'business analysis'}),frozenset({'communication'}),0.10748106060606061,0.4247159090909091,0.06013257575757576,0.5594713656387665,1.3172837505340858,1.0,0.01448365939221763,1.3058948863636362,0.2698677917249733,0.12738214643931794,0.23424158372763368,0.3505272101326497,1,1
frozenset({'documentation'}),frozenset({'communication'}),0.14109848484848486,0.4247159090909091,0.0771780303030303,0.546979865771812,1.2878723260981795,1.0,0.017251259039256187,1.2698863636363633,0.2602458046144167,0.1579457364341085,0.21252796420581643,0.36434834983127945,1,1
frozenset({'requirements'}),frozenset({'communication'}),0.10890151515151515,0.4247159090909091,0.059185606060606064,0.5434782608695652,1.2796277446561,1.0,0.012933400051652895,1.2601461038961037,0.24522848034006378,0.124750499001996,0.2064412238325281,0.34141583054626534,1,1
frozenset({'data management'}),frozenset({'communication'}),0.058712121212121215,0.4247159090909091,0.03172348484848485,0.5403225806451613,1.2721976480742259,1.0,0.0067875129132231385,1.2514952153110046,0.22730412324694427,0.07023060796645703,0.20095579450418152,0.3075080015823354,1,1
frozenset({'data analysis'}),frozenset({'communication'}),0.2902462121212121,0.4247159090909091,0.15672348484848486,0.5399673735725938,1.27136130767594,1.0,0.033451301007231427,1.2505288926499032,0.30072616386755335,0.28074639525021206,0.20033834813606433,0.4544875886815032,1,1
frozenset({'power bi'}),frozenset({'communication'}),0.07670454545454546,0.4247159090909091,0.03977272727272727,0.5185185185185185,1.2208596556422642,1.0,0.007195086518595038,1.194820804195804,0.19593406593406587,0.08615384615384615,0.16305441243712843,0.30608200173417566,1,1
frozenset({'it support'}),frozenset({'communication'}),0.061079545454545456,0.4247159090909091,0.03125,0.5116279069767442,1.2046356070623008,1.0,0.005308545325413222,1.1779626623376622,0.18092421950213172,0.06874999999999999,0.15107665805340226,0.29260325114723496,1,1
